INSERT INTO users (id, created_at, updated_at, first_name, last_name, username, password, role, email, phone_number, image_url_of_user) VALUES
                                                                                                                                            ('dcef14e1-28d3-459c-aac7-473556c8a46f', CURRENT_TIMESTAMP, CURRENT_TIMESTAMP, 'Arben', 'Hoxha', 'arben', '$2a$12$2Ar2P025tUMLBMxYDxu1WuJhS5ufeMuafkg9gkG0SE6xe9WhEwGnC', 'USER', 'user0@example.com', '+355-67296077', 'https://randomuser.me/api/portraits/women/1.jpg'),
                                                                                                                                            ('c956b658-06cc-40af-a6b7-1fdd087e1eab', CURRENT_TIMESTAMP, CURRENT_TIMESTAMP, 'Besa', 'Berisha', 'besa', '$2a$12$2Ar2P025tUMLBMxYDxu1WuJhS5ufeMuafkg9gkG0SE6xe9WhEwGnC', 'USER', 'user1@example.com', '+355-64816971', 'https://randomuser.me/api/portraits/men/2.jpg'),
                                                                                                                                            ('b846fa15-8e3d-474a-9dbf-8c066783c460', CURRENT_TIMESTAMP, CURRENT_TIMESTAMP, 'Erion', 'Krasniqi', 'erion', '$2a$12$2Ar2P025tUMLBMxYDxu1WuJhS5ufeMuafkg9gkG0SE6xe9WhEwGnC', 'USER', 'user2@example.com', '+355-61198592', 'https://randomuser.me/api/portraits/women/3.jpg'),
                                                                                                                                            ('de7c49e4-3551-41c6-87e0-fa0240d66eaa', CURRENT_TIMESTAMP, CURRENT_TIMESTAMP, 'Lindita', 'Shehu', 'lindita', '$2a$12$2Ar2P025tUMLBMxYDxu1WuJhS5ufeMuafkg9gkG0SE6xe9WhEwGnC', 'SUPER_ADMIN', 'user3@example.com', '+355-61885531', 'https://randomuser.me/api/portraits/men/4.jpg'),
                                                                                                                                            ('81f0fd00-f4fc-439b-9410-8d61833e5f69', CURRENT_TIMESTAMP, CURRENT_TIMESTAMP, 'Dritan', 'Gashi', 'dritan', '$2a$12$2Ar2P025tUMLBMxYDxu1WuJhS5ufeMuafkg9gkG0SE6xe9WhEwGnC', 'SUPER_ADMIN', 'user4@example.com', '+355-65720606', 'https://randomuser.me/api/portraits/women/5.jpg'),
                                                                                                                                            ('f77d2ce3-7351-4ed7-a24f-cc5968fd9ad6', CURRENT_TIMESTAMP, CURRENT_TIMESTAMP, 'Alketa', 'Zeneli', 'alketa', '$2a$12$2Ar2P025tUMLBMxYDxu1WuJhS5ufeMuafkg9gkG0SE6xe9WhEwGnC', 'USER', 'user5@example.com', '+355-65397139', 'https://randomuser.me/api/portraits/men/6.jpg'),
                                                                                                                                            ('00e834c8-9274-48aa-99f4-7b926f8956b2', CURRENT_TIMESTAMP, CURRENT_TIMESTAMP, 'Gentian', 'Mehmeti', 'gentian', '$2a$12$2Ar2P025tUMLBMxYDxu1WuJhS5ufeMuafkg9gkG0SE6xe9WhEwGnC', 'SUPER_ADMIN', 'user6@example.com', '+355-66613567', 'https://randomuser.me/api/portraits/women/7.jpg'),
                                                                                                                                            ('d94a2b6d-0505-4463-8cd0-b4e7aa8cdb29', CURRENT_TIMESTAMP, CURRENT_TIMESTAMP, 'Vjollca', 'Islami', 'vjollca', '$2a$12$2Ar2P025tUMLBMxYDxu1WuJhS5ufeMuafkg9gkG0SE6xe9WhEwGnC', 'ADMIN', 'user7@example.com', '+355-64424399', 'https://randomuser.me/api/portraits/men/8.jpg'),
                                                                                                                                            ('16ea8acb-b702-47b6-8403-ed4cf2e12278', CURRENT_TIMESTAMP, CURRENT_TIMESTAMP, 'Florian', 'Dervishi', 'florian', '$2a$12$2Ar2P025tUMLBMxYDxu1WuJhS5ufeMuafkg9gkG0SE6xe9WhEwGnC', 'ADMIN', 'user8@example.com', '+355-66287119', 'https://randomuser.me/api/portraits/women/9.jpg'),
                                                                                                                                            ('18455311-198f-4bf9-b8ad-4eb82106c514', CURRENT_TIMESTAMP, CURRENT_TIMESTAMP, 'Elira', 'Leka', 'elira', '$2a$12$2Ar2P025tUMLBMxYDxu1WuJhS5ufeMuafkg9gkG0SE6xe9WhEwGnC', 'SUPER_ADMIN', 'user9@example.com', '+355-64506908', 'https://randomuser.me/api/portraits/men/10.jpg');

INSERT INTO trips (id, created_at, updated_at, created_by, origin, destination, available_seats, total_seats, route, price, title, description, type_of_trip, company_name, local_date_time) VALUES
                                                                                                                                                                                                 ('3881296b-310f-42b9-864e-f82cc7e8f589', CURRENT_TIMESTAMP, CURRENT_TIMESTAMP, 'dcef14e1-28d3-459c-aac7-473556c8a46f', 'Tiranë', 'Durrës', 18, 21, 'Rruga 1', 21.66, 'Shëtitje', 'Udhëtim komod dhe i sigurt.', 'HOTEL_ONLY', 'Kompania0', '2025-04-13 13:25:14'),
                                                                                                                                                                                                 ('ece43a25-fe18-46d9-bc7c-926ce7a21346', CURRENT_TIMESTAMP, CURRENT_TIMESTAMP, 'c956b658-06cc-40af-a6b7-1fdd087e1eab', 'Shkodër', 'Vlorë', 10, 11, 'Rruga 2', 25.47, 'Shëtitje', 'Eksplorim i qyteteve.', 'HOTEL_ONLY', 'Kompania1', '2025-04-23 13:25:14'),
                                                                                                                                                                                                 ('c4b38b77-53ab-43c0-b332-ccc17cb2f037', CURRENT_TIMESTAMP, CURRENT_TIMESTAMP, 'b846fa15-8e3d-474a-9dbf-8c066783c460', 'Elbasan', 'Prishtinë', 8, 9, 'Rruga 3', 31.41, 'Pushime', 'Udhëtim për pushime familjare.', 'HOTEL_ONLY', 'Kompania2', '2025-05-03 13:25:14'),
                                                                                                                                                                                                 ('7785ea69-f4e7-4a74-a2f7-847c0733c1a6', CURRENT_TIMESTAMP, CURRENT_TIMESTAMP, 'd94a2b6d-0505-4463-8cd0-b4e7aa8cdb29', 'Korçë', 'Sarandë', 22, 26, 'Rruga 4', 32.34, 'Shëtitje', 'Ekskursion në qytete historike.', 'HOTEL_ONLY', 'Kompania3', '2025-05-13 13:25:14'),
                                                                                                                                                                                                 ('c7cb227a-1e52-4a1b-9ed0-512bcacabc35', CURRENT_TIMESTAMP, CURRENT_TIMESTAMP, '16ea8acb-b702-47b6-8403-ed4cf2e12278', 'Berat', 'Gjirokastër', 2, 3, 'Rruga 5', 45.74, 'Vizitë familjare', 'Eksplorim kulturor.', 'HOTEL_ONLY', 'Kompania4', '2025-05-23 13:25:14'),
                                                                                                                                                                                                 ('eb29e20e-986d-4a2f-a8ba-aa843eee0143', CURRENT_TIMESTAMP, CURRENT_TIMESTAMP, 'de7c49e4-3551-41c6-87e0-fa0240d66eaa', 'Kukës', 'Lezhë', 13, 15, 'Rruga 6', 90.47, 'Pushime', 'Udhëtim për pushime verore.', 'HOTEL_ONLY', 'Kompania5', '2025-06-02 13:25:14'),
                                                                                                                                                                                                 ('78bcb22b-b8da-4cea-8b43-81294b393397', CURRENT_TIMESTAMP, CURRENT_TIMESTAMP, '81f0fd00-f4fc-439b-9410-8d61833e5f69', 'Tirana', 'Elbasan', 20, 25, 'Rruga 7', 54.42, 'Udhëtim pune', 'Udhëtim biznesi.', 'HOTEL_ONLY', 'Kompania6', '2025-06-12 13:25:14'),
                                                                                                                                                                                                 ('46c9aa45-38a7-480b-8d64-499532e053a5', CURRENT_TIMESTAMP, CURRENT_TIMESTAMP, 'f77d2ce3-7351-4ed7-a24f-cc5968fd9ad6', 'Durrës', 'Vlora', 29, 33, 'Rruga 8', 20.83, 'Udhëtim pune', 'Udhëtim për biznes.', 'HOTEL_ONLY', 'Kompania7', '2025-06-22 13:25:14'),
                                                                                                                                                                                                 ('82bab14f-b8ef-4a35-b014-49b1a56a4224', CURRENT_TIMESTAMP, CURRENT_TIMESTAMP, '00e834c8-9274-48aa-99f4-7b926f8956b2', 'Shkodër', 'Prizren', 27, 29, 'Rruga 9', 72.67, 'Shëtitje', 'Udhëtim kulturor.', 'HOTEL_ONLY', 'Kompania8', '2025-07-02 13:25:14'),
                                                                                                                                                                                                 ('3492d49d-71f1-4bba-aa85-8913266ef927', CURRENT_TIMESTAMP, CURRENT_TIMESTAMP, '18455311-198f-4bf9-b8ad-4eb82106c514', 'Tirane', 'Sarandë', 3, 13, 'Rruga 10', 40.11, 'Udhëtim pune', 'Udhëtim për takime biznesi.', 'HOTEL_ONLY', 'Kompania9', '2025-07-12 13:25:14');

INSERT INTO trip_images (trip_id, image_url) VALUES
                                                     ('3881296b-310f-42b9-864e-f82cc7e8f589', 'https://res.cloudinary.com/dcgkgye6t/image/upload/v1744477603/pexels-vividcafe-681335_vz4b9x.jpg'),
                                                     ('ece43a25-fe18-46d9-bc7c-926ce7a21346', 'https://res.cloudinary.com/dcgkgye6t/image/upload/v1744477598/pexels-axp-photography-500641970-16738855_lgmwop.jpg'),
                                                     ('c4b38b77-53ab-43c0-b332-ccc17cb2f037', 'https://res.cloudinary.com/dcgkgye6t/image/upload/v1744477588/pexels-dominikagregus-672532_lvnqm4.jpg'),
                                                     ('7785ea69-f4e7-4a74-a2f7-847c0733c1a6', 'https://res.cloudinary.com/dcgkgye6t/image/upload/v1744477585/pexels-emre-akyol-320381804-17463331_vzipzv.jpg'),
                                                     ('c7cb227a-1e52-4a1b-9ed0-512bcacabc35', 'https://res.cloudinary.com/dcgkgye6t/image/upload/v1744477583/pexels-rick98-3467149_h0m4zd.jpg'),
                                                     ('eb29e20e-986d-4a2f-a8ba-aa843eee0143', 'https://res.cloudinary.com/dcgkgye6t/image/upload/v1744477582/pexels-pixabay-280221_h5o2cu.jpg'),
                                                     ('78bcb22b-b8da-4cea-8b43-81294b393397', 'https://res.cloudinary.com/dcgkgye6t/image/upload/v1744477582/pexels-pixabay-280221_h5o2cu.jpg'),
                                                     ('46c9aa45-38a7-480b-8d64-499532e053a5', 'https://res.cloudinary.com/dcgkgye6t/image/upload/v1744477570/pexels-roman-odintsov-8180458_vur4oi.jpg'),
                                                     ('82bab14f-b8ef-4a35-b014-49b1a56a4224', 'https://res.cloudinary.com/dcgkgye6t/image/upload/v1744477569/pexels-peng-liu-45946-169647_kwltoq.jpg'),
                                                     ('3492d49d-71f1-4bba-aa85-8913266ef927', 'https://res.cloudinary.com/dcgkgye6t/image/upload/v1744477564/pexels-adnara-21915598_pi2jy0.jpg');

INSERT INTO reservations (id, created_at, updated_at, user_id, trip_id, seat_number, reserved_for) VALUES
                                                                                                       ('2a67487d-e4b1-45d7-b801-72fa90524a03', CURRENT_TIMESTAMP, CURRENT_TIMESTAMP, 'dcef14e1-28d3-459c-aac7-473556c8a46f', '3881296b-310f-42b9-864e-f82cc7e8f589', 16, 'Rezervuar0'),
                                                                                                       ('33180175-946b-48f4-8bb5-7e6163f1d385', CURRENT_TIMESTAMP, CURRENT_TIMESTAMP, 'c956b658-06cc-40af-a6b7-1fdd087e1eab', 'ece43a25-fe18-46d9-bc7c-926ce7a21346', 21, 'Rezervuar1'),
                                                                                                       ('0fe8dba5-9a30-42a0-9404-880e09775ef0', CURRENT_TIMESTAMP, CURRENT_TIMESTAMP, 'b846fa15-8e3d-474a-9dbf-8c066783c460', 'c4b38b77-53ab-43c0-b332-ccc17cb2f037', 10, 'Rezervuar2'),
                                                                                                       ('fce65218-806a-40c6-b61e-fa15a07d97cf', CURRENT_TIMESTAMP, CURRENT_TIMESTAMP, 'de7c49e4-3551-41c6-87e0-fa0240d66eaa', '7785ea69-f4e7-4a74-a2f7-847c0733c1a6', 16, 'Rezervuar3'),
                                                                                                       ('4c5a3f9b-9959-4b38-914d-9bd9c9f04395', CURRENT_TIMESTAMP, CURRENT_TIMESTAMP, '81f0fd00-f4fc-439b-9410-8d61833e5f69', 'c7cb227a-1e52-4a1b-9ed0-512bcacabc35', 11, 'Rezervuar4'),
                                                                                                       ('d9f2858f-908d-4cf0-99e5-814cd57ee412', CURRENT_TIMESTAMP, CURRENT_TIMESTAMP, 'f77d2ce3-7351-4ed7-a24f-cc5968fd9ad6', 'eb29e20e-986d-4a2f-a8ba-aa843eee0143', 31, 'Rezervuar5'),
                                                                                                       ('a80200e6-82a4-4da3-b693-38daf6cbf921', CURRENT_TIMESTAMP, CURRENT_TIMESTAMP, '00e834c8-9274-48aa-99f4-7b926f8956b2', '78bcb22b-b8da-4cea-8b43-81294b393397', 37, 'Rezervuar6'),
                                                                                                       ('e28855d1-6a6d-43c7-b24a-c43ef2e73ec3', CURRENT_TIMESTAMP, CURRENT_TIMESTAMP, 'd94a2b6d-0505-4463-8cd0-b4e7aa8cdb29', '46c9aa45-38a7-480b-8d64-499532e053a5', 23, 'Rezervuar7'),
                                                                                                       ('75053812-8c6c-4a57-bf8e-7f11d9fcd5cb', CURRENT_TIMESTAMP, CURRENT_TIMESTAMP, '16ea8acb-b702-47b6-8403-ed4cf2e12278', '82bab14f-b8ef-4a35-b014-49b1a56a4224', 46, 'Rezervuar8'),
                                                                                                       ('ed4567a1-9842-4e2d-b0d3-08d6f5708c52', CURRENT_TIMESTAMP, CURRENT_TIMESTAMP, '18455311-198f-4bf9-b8ad-4eb82106c514', '3492d49d-71f1-4bba-aa85-8913266ef927', 5, 'Rezervuar9');

INSERT INTO favorites (id, user_id, trip_id, created_at) VALUES
                                                             ('84168746-4c96-4b98-9563-ae9582005825', 'dcef14e1-28d3-459c-aac7-473556c8a46f', '3881296b-310f-42b9-864e-f82cc7e8f589', CURRENT_TIMESTAMP),
                                                             ('1c466a4a-2b71-48bd-83d4-791235a8fd58', 'c956b658-06cc-40af-a6b7-1fdd087e1eab', 'ece43a25-fe18-46d9-bc7c-926ce7a21346', CURRENT_TIMESTAMP),
                                                             ('2d685ecc-4976-4ab4-9b8b-3913cdc60956', 'b846fa15-8e3d-474a-9dbf-8c066783c460', 'c4b38b77-53ab-43c0-b332-ccc17cb2f037', CURRENT_TIMESTAMP),
                                                             ('2f7edbc7-12d9-4d85-b39d-2c73a54c4d4f', 'de7c49e4-3551-41c6-87e0-fa0240d66eaa', '7785ea69-f4e7-4a74-a2f7-847c0733c1a6', CURRENT_TIMESTAMP),
                                                             ('7bd0c6ac-41f9-493d-869e-937d3c5b30c9', '81f0fd00-f4fc-439b-9410-8d61833e5f69', 'c7cb227a-1e52-4a1b-9ed0-512bcacabc35', CURRENT_TIMESTAMP),
                                                             ('57f290a6-1a18-483b-bfbf-9bc3cbedf9c5', 'f77d2ce3-7351-4ed7-a24f-cc5968fd9ad6', 'eb29e20e-986d-4a2f-a8ba-aa843eee0143', CURRENT_TIMESTAMP),
                                                             ('31b29b9e-614a-41fa-bbee-a953f2532e93', '00e834c8-9274-48aa-99f4-7b926f8956b2', '78bcb22b-b8da-4cea-8b43-81294b393397', CURRENT_TIMESTAMP),
                                                             ('6e09768a-a59c-401c-b2b8-9402462f4fae', 'd94a2b6d-0505-4463-8cd0-b4e7aa8cdb29', '46c9aa45-38a7-480b-8d64-499532e053a5', CURRENT_TIMESTAMP),
                                                             ('eb7578c6-7e59-427c-8e64-3865d2c0c24d', '16ea8acb-b702-47b6-8403-ed4cf2e12278', '82bab14f-b8ef-4a35-b014-49b1a56a4224', CURRENT_TIMESTAMP),
                                                             ('31e9134d-cc8a-4609-865c-b4201026aa30', '18455311-198f-4bf9-b8ad-4eb82106c514', '3492d49d-71f1-4bba-aa85-8913266ef927', CURRENT_TIMESTAMP);
